s1,s2,comparison,method,target_null,n_samples,n_pairs,repeats,k,n_test_examples,accuracy_mean,accuracy_median,accuracy_minimum,accuracy_maximum,p_value_mean,p_value_median,p_value_minimum,p_value_maximum,rejection_count,rejection_rate,alpha,result_file
5,5,s-p,original_binomial_c2st,H0_dist: P_A = P_B,213,213,100,14,212,1.0,1.0,1.0,1.0,1.5192908393215678e-64,1.5192908393215678e-64,1.5192908393215678e-64,1.5192908393215678e-64,100,1.0,0.05,newville_nov/hold_skip/hold_skip__s1-5__s2-5__c-73-104__u-35-66__pp-none/results/c2st__s-p__resnet34__knn__original_binomial_c2st__repeats-100__seed-0__20260821T181025435043Z.json
5,5,s-p,paired_mcnemar,H0_dist: P_A = P_B,213,213,100,14,212,1.0,1.0,1.0,1.0,1.232595164407831e-32,1.232595164407831e-32,1.232595164407831e-32,1.232595164407831e-32,100,1.0,0.05,newville_nov/hold_skip/hold_skip__s1-5__s2-5__c-73-104__u-35-66__pp-none/results/c2st__s-p__resnet34__knn__paired_mcnemar__repeats-100__seed-0__20260821T181025431120Z.json
5,5,s-p,paired_swap_permutation,,213,213,100,14,212,1.0,1.0,1.0,1.0,0.0010000000000000002,0.001,0.001,0.001,100,1.0,0.05,newville_nov/hold_skip/hold_skip__s1-5__s2-5__c-73-104__u-35-66__pp-none/results/c2st__s-p__resnet34__knn__permutation__repeats-100__seed-0__20260817T205913736897Z.json
5,5,s-p-matched,original_binomial_c2st,H0_dist: P_A = P_B,213,106,100,10,106,1.0,1.0,1.0,1.0,1.232595164407831e-32,1.232595164407831e-32,1.232595164407831e-32,1.232595164407831e-32,100,1.0,0.05,newville_nov/hold_skip/hold_skip__s1-5__s2-5__c-73-104__u-35-66__pp-none/results/c2st__s-p-matched__resnet34__knn__original_binomial_c2st__repeats-100__seed-0__20260821T181022017437Z.json
5,5,s-p-matched,paired_mcnemar,H0_dist: P_A = P_B,213,106,100,10,106,1.0,1.0,1.0,1.0,1.1102230246251565e-16,1.1102230246251565e-16,1.1102230246251565e-16,1.1102230246251565e-16,100,1.0,0.05,newville_nov/hold_skip/hold_skip__s1-5__s2-5__c-73-104__u-35-66__pp-none/results/c2st__s-p-matched__resnet34__knn__paired_mcnemar__repeats-100__seed-0__20260821T181022062251Z.json
5,5,s-p-matched,paired_swap_permutation,,213,106,100,10,106,1.0,1.0,1.0,1.0,0.0010000000000000002,0.001,0.001,0.001,100,1.0,0.05,newville_nov/hold_skip/hold_skip__s1-5__s2-5__c-73-104__u-35-66__pp-none/results/c2st__s-p-matched__resnet34__knn__permutation__repeats-100__seed-0__20260817T200603548362Z.json
5,5,s-s,original_binomial_c2st,H0_dist: P_A = P_B,213,106,100,10,106,0.42358490566037743,0.42452830188679247,0.3490566037735849,0.5094339622641509,0.9189943313563976,0.9508787477887809,0.46134257972063764,0.9993798801428012,0,0.0,0.05,newville_nov/hold_skip/hold_skip__s1-5__s2-5__c-73-104__u-35-66__pp-none/results/c2st__s-s__resnet34__knn__original_binomial_c2st__repeats-100__seed-0__20260821T181023645424Z.json
5,5,s-s,paired_mcnemar,H0_dist: P_A = P_B,213,106,100,10,106,0.4999056603773584,0.5,0.44339622641509435,0.5471698113207547,0.621064453125,0.65625,0.0625,1.0,0,0.0,0.05,newville_nov/hold_skip/hold_skip__s1-5__s2-5__c-73-104__u-35-66__pp-none/results/c2st__s-s__resnet34__knn__paired_mcnemar__repeats-100__seed-0__20260821T181023712820Z.json
5,5,s-s,paired_swap_permutation,,213,106,100,10,106,0.4999056603773584,0.5,0.44339622641509435,0.5471698113207547,0.55326,0.5754999999999999,0.029,0.997,2,0.02,0.05,newville_nov/hold_skip/hold_skip__s1-5__s2-5__c-73-104__u-35-66__pp-none/results/c2st__s-s__resnet34__knn__permutation__repeats-100__seed-0__20260817T200620841160Z.json
5,5,p-p,original_binomial_c2st,H0_dist: P_A = P_B,213,106,100,10,106,0.42688679245283034,0.4339622641509434,0.330188679245283,0.5,0.899838384173123,0.9276088303349747,0.5386574202793624,0.9998577356905419,0,0.0,0.05,newville_nov/hold_skip/hold_skip__s1-5__s2-5__c-73-104__u-35-66__pp-none/results/c2st__p-p__resnet34__knn__original_binomial_c2st__repeats-100__seed-0__20260821T181025288898Z.json
5,5,p-p,paired_mcnemar,H0_dist: P_A = P_B,213,106,100,10,106,0.5014150943396225,0.5047169811320755,0.41509433962264153,0.5754716981132075,0.5718599700927735,0.5490951538085938,0.00390625,1.0,2,0.02,0.05,newville_nov/hold_skip/hold_skip__s1-5__s2-5__c-73-104__u-35-66__pp-none/results/c2st__p-p__resnet34__knn__paired_mcnemar__repeats-100__seed-0__20260821T181025397960Z.json
5,5,p-p,paired_swap_permutation,,213,106,100,10,106,0.5014150943396225,0.5047169811320755,0.41509433962264153,0.5754716981132075,0.52494,0.5015000000000001,0.007,0.997,3,0.03,0.05,newville_nov/hold_skip/hold_skip__s1-5__s2-5__c-73-104__u-35-66__pp-none/results/c2st__p-p__resnet34__knn__permutation__repeats-100__seed-0__20260817T200611174835Z.json
5,10,s-p,original_binomial_c2st,H0_dist: P_A = P_B,142,142,100,11,142,1.0,1.0,1.0,1.0,1.793662034335766e-43,1.793662034335766e-43,1.793662034335766e-43,1.793662034335766e-43,100,1.0,0.05,newville_nov/hold_skip/hold_skip__s1-5__s2-10__c-73-104__u-35-66__pp-none/results/c2st__s-p__resnet34__knn__original_binomial_c2st__repeats-100__seed-0__20260821T181027784992Z.json
5,10,s-p,paired_mcnemar,H0_dist: P_A = P_B,142,142,100,11,142,1.0,1.0,1.0,1.0,4.235164736271502e-22,4.235164736271502e-22,4.235164736271502e-22,4.235164736271502e-22,100,1.0,0.05,newville_nov/hold_skip/hold_skip__s1-5__s2-10__c-73-104__u-35-66__pp-none/results/c2st__s-p__resnet34__knn__paired_mcnemar__repeats-100__seed-0__20260821T181027966972Z.json
5,10,s-p,paired_swap_permutation,,142,142,100,11,142,1.0,1.0,1.0,1.0,0.0010000000000000002,0.001,0.001,0.001,100,1.0,0.05,newville_nov/hold_skip/hold_skip__s1-5__s2-10__c-73-104__u-35-66__pp-none/results/c2st__s-p__resnet34__knn__permutation__repeats-100__seed-0__20260817T202218982768Z.json
5,10,s-p-matched,original_binomial_c2st,H0_dist: P_A = P_B,142,71,100,8,72,1.0,1.0,1.0,1.0,2.117582368135751e-22,2.117582368135751e-22,2.117582368135751e-22,2.117582368135751e-22,100,1.0,0.05,newville_nov/hold_skip/hold_skip__s1-5__s2-10__c-73-104__u-35-66__pp-none/results/c2st__s-p-matched__resnet34__knn__original_binomial_c2st__repeats-100__seed-0__20260821T181026186103Z.json
5,10,s-p-matched,paired_mcnemar,H0_dist: P_A = P_B,142,71,100,8,72,1.0,1.0,1.0,1.0,1.4551915228366852e-11,1.4551915228366852e-11,1.4551915228366852e-11,1.4551915228366852e-11,100,1.0,0.05,newville_nov/hold_skip/hold_skip__s1-5__s2-10__c-73-104__u-35-66__pp-none/results/c2st__s-p-matched__resnet34__knn__paired_mcnemar__repeats-100__seed-0__20260821T181026220602Z.json
5,10,s-p-matched,paired_swap_permutation,,142,71,100,8,72,1.0,1.0,1.0,1.0,0.0010000000000000002,0.001,0.001,0.001,100,1.0,0.05,newville_nov/hold_skip/hold_skip__s1-5__s2-10__c-73-104__u-35-66__pp-none/results/c2st__s-p-matched__resnet34__knn__permutation__repeats-100__seed-0__20260817T194832380119Z.json
5,10,s-s,original_binomial_c2st,H0_dist: P_A = P_B,142,71,100,8,72,0.4124999999999999,0.4166666666666667,0.3333333333333333,0.5,0.9062131818231145,0.93754089981568,0.5468528376484595,0.9985286197349376,0,0.0,0.05,newville_nov/hold_skip/hold_skip__s1-5__s2-10__c-73-104__u-35-66__pp-none/results/c2st__s-s__resnet34__knn__original_binomial_c2st__repeats-100__seed-0__20260821T181026882005Z.json
5,10,s-s,paired_mcnemar,H0_dist: P_A = P_B,142,71,100,8,72,0.4998611111111111,0.5,0.4305555555555556,0.5972222222222222,0.656640625,0.6875,0.01953125,1.0,2,0.02,0.05,newville_nov/hold_skip/hold_skip__s1-5__s2-10__c-73-104__u-35-66__pp-none/results/c2st__s-s__resnet34__knn__paired_mcnemar__repeats-100__seed-0__20260821T181026937707Z.json
5,10,s-s,paired_swap_permutation,,142,71,100,8,72,0.4998611111111111,0.5,0.4305555555555556,0.5972222222222222,0.5788,0.595,0.004,0.997,3,0.03,0.05,newville_nov/hold_skip/hold_skip__s1-5__s2-10__c-73-104__u-35-66__pp-none/results/c2st__s-s__resnet34__knn__permutation__repeats-100__seed-0__20260817T194837872498Z.json
5,10,p-p,original_binomial_c2st,H0_dist: P_A = P_B,142,71,100,8,72,0.42458333333333337,0.4305555555555556,0.3055555555555556,0.5416666666666666,0.8665424218720709,0.9027474170663005,0.2779988588804855,0.999732517899175,0,0.0,0.05,newville_nov/hold_skip/hold_skip__s1-5__s2-10__c-73-104__u-35-66__pp-none/results/c2st__p-p__resnet34__knn__original_binomial_c2st__repeats-100__seed-0__20260821T181027566323Z.json
5,10,p-p,paired_mcnemar,H0_dist: P_A = P_B,142,71,100,8,72,0.5054166666666666,0.5,0.4305555555555556,0.5972222222222222,0.5698870849609375,0.63671875,0.01953125,0.9921875,3,0.03,0.05,newville_nov/hold_skip/hold_skip__s1-5__s2-10__c-73-104__u-35-66__pp-none/results/c2st__p-p__resnet34__knn__paired_mcnemar__repeats-100__seed-0__20260821T181027631079Z.json
5,10,p-p,paired_swap_permutation,,142,71,100,8,72,0.5054166666666666,0.5,0.4305555555555556,0.5972222222222222,0.5153599999999999,0.573,0.007,0.983,5,0.05,0.05,newville_nov/hold_skip/hold_skip__s1-5__s2-10__c-73-104__u-35-66__pp-none/results/c2st__p-p__resnet34__knn__permutation__repeats-100__seed-0__20260817T194832439104Z.json
5,20,s-p,original_binomial_c2st,H0_dist: P_A = P_B,86,86,100,9,86,1.0,1.0,1.0,1.0,1.2924697071141057e-26,1.2924697071141057e-26,1.2924697071141057e-26,1.2924697071141057e-26,100,1.0,0.05,newville_nov/hold_skip/hold_skip__s1-5__s2-20__c-73-104__u-35-66__pp-none/results/c2st__s-p__resnet34__knn__original_binomial_c2st__repeats-100__seed-0__20260821T181028464050Z.json
5,20,s-p,paired_mcnemar,H0_dist: P_A = P_B,86,86,100,9,86,1.0,1.0,1.0,1.0,1.1368683772161603e-13,1.1368683772161603e-13,1.1368683772161603e-13,1.1368683772161603e-13,100,1.0,0.05,newville_nov/hold_skip/hold_skip__s1-5__s2-20__c-73-104__u-35-66__pp-none/results/c2st__s-p__resnet34__knn__paired_mcnemar__repeats-100__seed-0__20260821T181028563849Z.json
5,20,s-p,paired_swap_permutation,,86,86,100,9,86,1.0,1.0,1.0,1.0,0.0010000000000000002,0.001,0.001,0.001,100,1.0,0.05,newville_nov/hold_skip/hold_skip__s1-5__s2-20__c-73-104__u-35-66__pp-none/results/c2st__s-p__resnet34__knn__permutation__repeats-100__seed-0__20260817T002451376702Z.json
5,20,s-p-matched,original_binomial_c2st,H0_dist: P_A = P_B,86,43,100,6,44,1.0,1.0,1.0,1.0,5.684341886080802e-14,5.684341886080802e-14,5.684341886080802e-14,5.684341886080802e-14,100,1.0,0.05,newville_nov/hold_skip/hold_skip__s1-5__s2-20__c-73-104__u-35-66__pp-none/results/c2st__s-p-matched__resnet34__knn__original_binomial_c2st__repeats-100__seed-0__20260821T181028350178Z.json
5,20,s-p-matched,paired_mcnemar,H0_dist: P_A = P_B,86,43,100,6,44,1.0,1.0,1.0,1.0,2.384185791015625e-07,2.384185791015625e-07,2.384185791015625e-07,2.384185791015625e-07,100,1.0,0.05,newville_nov/hold_skip/hold_skip__s1-5__s2-20__c-73-104__u-35-66__pp-none/results/c2st__s-p-matched__resnet34__knn__paired_mcnemar__repeats-100__seed-0__20260821T181028565566Z.json
5,20,s-p-matched,paired_swap_permutation,,86,43,100,6,44,1.0,1.0,1.0,1.0,0.0010000000000000002,0.001,0.001,0.001,100,1.0,0.05,newville_nov/hold_skip/hold_skip__s1-5__s2-20__c-73-104__u-35-66__pp-none/results/c2st__s-p-matched__resnet34__knn__permutation__repeats-100__seed-0__20260816T222432150831Z.json
5,20,s-s,original_binomial_c2st,H0_dist: P_A = P_B,86,43,100,6,44,0.4243181818181817,0.4318181818181818,0.3181818181818182,0.5454545454545454,0.8311565837100727,0.8543923817270525,0.325793913604457,0.9952200605716826,0,0.0,0.05,newville_nov/hold_skip/hold_skip__s1-5__s2-20__c-73-104__u-35-66__pp-none/results/c2st__s-s__resnet34__knn__original_binomial_c2st__repeats-100__seed-0__20260821T181028873293Z.json
5,20,s-s,paired_mcnemar,H0_dist: P_A = P_B,86,43,100,6,44,0.49999999999999994,0.5,0.38636363636363635,0.6590909090909091,0.69736328125,0.75,0.01953125,1.0,1,0.01,0.05,newville_nov/hold_skip/hold_skip__s1-5__s2-20__c-73-104__u-35-66__pp-none/results/c2st__s-s__resnet34__knn__paired_mcnemar__repeats-100__seed-0__20260821T181029012398Z.json
5,20,s-s,paired_swap_permutation,,86,43,100,6,44,0.49999999999999994,0.5,0.38636363636363635,0.6590909090909091,0.5924999999999999,0.6234999999999999,0.002,0.997,5,0.05,0.05,newville_nov/hold_skip/hold_skip__s1-5__s2-20__c-73-104__u-35-66__pp-none/results/c2st__s-s__resnet34__knn__permutation__repeats-100__seed-0__20260816T221952940999Z.json
5,20,p-p,original_binomial_c2st,H0_dist: P_A = P_B,86,43,100,6,44,0.41818181818181815,0.4318181818181818,0.2727272727272727,0.5454545454545454,0.8450080312768711,0.8543923817270525,0.325793913604457,0.9993699830918672,0,0.0,0.05,newville_nov/hold_skip/hold_skip__s1-5__s2-20__c-73-104__u-35-66__pp-none/results/c2st__p-p__resnet34__knn__original_binomial_c2st__repeats-100__seed-0__20260821T181029097949Z.json
5,20,p-p,paired_mcnemar,H0_dist: P_A = P_B,86,43,100,6,44,0.4952272727272727,0.5,0.36363636363636365,0.5909090909090909,0.6787109375,0.6875,0.109375,1.0,0,0.0,0.05,newville_nov/hold_skip/hold_skip__s1-5__s2-20__c-73-104__u-35-66__pp-none/results/c2st__p-p__resnet34__knn__paired_mcnemar__repeats-100__seed-0__20260821T181029130604Z.json
5,20,p-p,paired_swap_permutation,,86,43,100,6,44,0.4952272727272727,0.5,0.36363636363636365,0.5909090909090909,0.5991599999999999,0.6065,0.067,0.999,0,0.0,0.05,newville_nov/hold_skip/hold_skip__s1-5__s2-20__c-73-104__u-35-66__pp-none/results/c2st__p-p__resnet34__knn__permutation__repeats-100__seed-0__20260816T222142827358Z.json
10,5,s-p,original_binomial_c2st,H0_dist: P_A = P_B,142,142,100,11,142,1.0,1.0,1.0,1.0,1.793662034335766e-43,1.793662034335766e-43,1.793662034335766e-43,1.793662034335766e-43,100,1.0,0.05,newville_nov/hold_skip/hold_skip__s1-10__s2-5__c-73-104__u-35-66__pp-none/results/c2st__s-p__resnet34__knn__original_binomial_c2st__repeats-100__seed-0__20260821T181031313540Z.json
10,5,s-p,paired_mcnemar,H0_dist: P_A = P_B,142,142,100,11,142,1.0,1.0,1.0,1.0,4.235164736271502e-22,4.235164736271502e-22,4.235164736271502e-22,4.235164736271502e-22,100,1.0,0.05,newville_nov/hold_skip/hold_skip__s1-10__s2-5__c-73-104__u-35-66__pp-none/results/c2st__s-p__resnet34__knn__paired_mcnemar__repeats-100__seed-0__20260821T181031489847Z.json
10,5,s-p,paired_swap_permutation,,142,142,100,11,142,1.0,1.0,1.0,1.0,0.0010000000000000002,0.001,0.001,0.001,100,1.0,0.05,newville_nov/hold_skip/hold_skip__s1-10__s2-5__c-73-104__u-35-66__pp-none/results/c2st__s-p__resnet34__knn__permutation__repeats-100__seed-0__20260817T202446906087Z.json
10,5,s-p-matched,original_binomial_c2st,H0_dist: P_A = P_B,142,71,100,8,72,1.0,1.0,1.0,1.0,2.117582368135751e-22,2.117582368135751e-22,2.117582368135751e-22,2.117582368135751e-22,100,1.0,0.05,newville_nov/hold_skip/hold_skip__s1-10__s2-5__c-73-104__u-35-66__pp-none/results/c2st__s-p-matched__resnet34__knn__original_binomial_c2st__repeats-100__seed-0__20260821T181029748636Z.json
10,5,s-p-matched,paired_mcnemar,H0_dist: P_A = P_B,142,71,100,8,72,1.0,1.0,1.0,1.0,1.4551915228366852e-11,1.4551915228366852e-11,1.4551915228366852e-11,1.4551915228366852e-11,100,1.0,0.05,newville_nov/hold_skip/hold_skip__s1-10__s2-5__c-73-104__u-35-66__pp-none/results/c2st__s-p-matched__resnet34__knn__paired_mcnemar__repeats-100__seed-0__20260821T181029800964Z.json
10,5,s-p-matched,paired_swap_permutation,,142,71,100,8,72,1.0,1.0,1.0,1.0,0.0010000000000000002,0.001,0.001,0.001,100,1.0,0.05,newville_nov/hold_skip/hold_skip__s1-10__s2-5__c-73-104__u-35-66__pp-none/results/c2st__s-p-matched__resnet34__knn__permutation__repeats-100__seed-0__20260817T195252987814Z.json
10,5,s-s,original_binomial_c2st,H0_dist: P_A = P_B,142,71,100,8,72,0.4069444444444445,0.4027777777777778,0.3333333333333333,0.5138888888888888,0.9200132371057795,0.9618154226640843,0.4531471623515405,0.9985286197349376,0,0.0,0.05,newville_nov/hold_skip/hold_skip__s1-10__s2-5__c-73-104__u-35-66__pp-none/results/c2st__s-s__resnet34__knn__original_binomial_c2st__repeats-100__seed-0__20260821T181030416060Z.json
10,5,s-s,paired_mcnemar,H0_dist: P_A = P_B,142,71,100,8,72,0.4941666666666666,0.4861111111111111,0.4305555555555556,0.5833333333333334,0.6968359375,0.7734375,0.015625,1.0,2,0.02,0.05,newville_nov/hold_skip/hold_skip__s1-10__s2-5__c-73-104__u-35-66__pp-none/results/c2st__s-s__resnet34__knn__paired_mcnemar__repeats-100__seed-0__20260821T181030494578Z.json
10,5,s-s,paired_swap_permutation,,142,71,100,8,72,0.4941666666666666,0.4861111111111111,0.4305555555555556,0.5833333333333334,0.62717,0.7404999999999999,0.015,0.991,4,0.04,0.05,newville_nov/hold_skip/hold_skip__s1-10__s2-5__c-73-104__u-35-66__pp-none/results/c2st__s-s__resnet34__knn__permutation__repeats-100__seed-0__20260817T195301393487Z.json
10,5,p-p,original_binomial_c2st,H0_dist: P_A = P_B,142,71,100,8,72,0.4265277777777778,0.4305555555555556,0.3194444444444444,0.5555555555555556,0.8596198026458599,0.9027474170663005,0.20478969796353588,0.9993532075186619,0,0.0,0.05,newville_nov/hold_skip/hold_skip__s1-10__s2-5__c-73-104__u-35-66__pp-none/results/c2st__p-p__resnet34__knn__original_binomial_c2st__repeats-100__seed-0__20260821T181031096750Z.json
10,5,p-p,paired_mcnemar,H0_dist: P_A = P_B,142,71,100,8,72,0.5016666666666667,0.5138888888888888,0.3888888888888889,0.5972222222222222,0.5825,0.5,0.01953125,1.0,1,0.01,0.05,newville_nov/hold_skip/hold_skip__s1-10__s2-5__c-73-104__u-35-66__pp-none/results/c2st__p-p__resnet34__knn__paired_mcnemar__repeats-100__seed-0__20260821T181031205278Z.json
10,5,p-p,paired_swap_permutation,,142,71,100,8,72,0.5016666666666667,0.5138888888888888,0.3888888888888889,0.5972222222222222,0.5264,0.451,0.018,1.0,2,0.02,0.05,newville_nov/hold_skip/hold_skip__s1-10__s2-5__c-73-104__u-35-66__pp-none/results/c2st__p-p__resnet34__knn__permutation__repeats-100__seed-0__20260817T195716627522Z.json
10,10,s-p,original_binomial_c2st,H0_dist: P_A = P_B,107,107,100,10,108,1.0,1.0,1.0,1.0,3.0814879110195774e-33,3.0814879110195774e-33,3.0814879110195774e-33,3.0814879110195774e-33,100,1.0,0.05,newville_nov/hold_skip/hold_skip__s1-10__s2-10__c-73-104__u-35-66__pp-none/results/c2st__s-p__resnet34__knn__original_binomial_c2st__repeats-100__seed-0__20260821T181032830386Z.json
10,10,s-p,paired_mcnemar,H0_dist: P_A = P_B,107,107,100,10,108,1.0,1.0,1.0,1.0,5.551115123125783e-17,5.551115123125783e-17,5.551115123125783e-17,5.551115123125783e-17,100,1.0,0.05,newville_nov/hold_skip/hold_skip__s1-10__s2-10__c-73-104__u-35-66__pp-none/results/c2st__s-p__resnet34__knn__paired_mcnemar__repeats-100__seed-0__20260821T181032908980Z.json
10,10,s-p,paired_swap_permutation,,107,107,100,10,108,1.0,1.0,1.0,1.0,0.0010000000000000002,0.001,0.001,0.001,100,1.0,0.05,newville_nov/hold_skip/hold_skip__s1-10__s2-10__c-73-104__u-35-66__pp-none/results/c2st__s-p__resnet34__knn__permutation__repeats-100__seed-0__20260817T201626465813Z.json
10,10,s-p-matched,original_binomial_c2st,H0_dist: P_A = P_B,107,53,100,7,52,0.9998076923076923,1.0,0.9807692307692307,1.0,3.375077994860476e-16,2.220446049250313e-16,2.220446049250313e-16,1.176836406102666e-14,100,1.0,0.05,newville_nov/hold_skip/hold_skip__s1-10__s2-10__c-73-104__u-35-66__pp-none/results/c2st__s-p-matched__resnet34__knn__original_binomial_c2st__repeats-100__seed-0__20260821T181031924992Z.json
10,10,s-p-matched,paired_mcnemar,H0_dist: P_A = P_B,107,53,100,7,52,1.0,1.0,1.0,1.0,1.4901161193847656e-08,1.4901161193847656e-08,1.4901161193847656e-08,1.4901161193847656e-08,100,1.0,0.05,newville_nov/hold_skip/hold_skip__s1-10__s2-10__c-73-104__u-35-66__pp-none/results/c2st__s-p-matched__resnet34__knn__paired_mcnemar__repeats-100__seed-0__20260821T181032136741Z.json
10,10,s-p-matched,paired_swap_permutation,,107,53,100,7,52,1.0,1.0,1.0,1.0,0.0010000000000000002,0.001,0.001,0.001,100,1.0,0.05,newville_nov/hold_skip/hold_skip__s1-10__s2-10__c-73-104__u-35-66__pp-none/results/c2st__s-p-matched__resnet34__knn__permutation__repeats-100__seed-0__20260817T195952150058Z.json
10,10,s-s,original_binomial_c2st,H0_dist: P_A = P_B,107,53,100,7,52,0.4007692307692308,0.38461538461538464,0.28846153846153844,0.5,0.8967018273269721,0.9648028894664689,0.5550580173617314,0.9994024398399963,0,0.0,0.05,newville_nov/hold_skip/hold_skip__s1-10__s2-10__c-73-104__u-35-66__pp-none/results/c2st__s-s__resnet34__knn__original_binomial_c2st__repeats-100__seed-0__20260821T181032499180Z.json
10,10,s-s,paired_mcnemar,H0_dist: P_A = P_B,107,53,100,7,52,0.5046153846153847,0.5,0.38461538461538464,0.6153846153846154,0.590478515625,0.671875,0.015625,1.0,3,0.03,0.05,newville_nov/hold_skip/hold_skip__s1-10__s2-10__c-73-104__u-35-66__pp-none/results/c2st__s-s__resnet34__knn__paired_mcnemar__repeats-100__seed-0__20260821T181032727656Z.json
10,10,s-s,paired_swap_permutation,,107,53,100,7,52,0.5046153846153847,0.5,0.38461538461538464,0.6153846153846154,0.5376,0.598,0.009,0.998,8,0.08,0.05,newville_nov/hold_skip/hold_skip__s1-10__s2-10__c-73-104__u-35-66__pp-none/results/c2st__s-s__resnet34__knn__permutation__repeats-100__seed-0__20260817T200229720093Z.json
10,10,p-p,original_binomial_c2st,H0_dist: P_A = P_B,107,53,100,7,52,0.4071153846153846,0.40384615384615385,0.2692307692307692,0.5769230769230769,0.8780160497492335,0.9368264620930393,0.1658748816847453,0.9997952292731087,0,0.0,0.05,newville_nov/hold_skip/hold_skip__s1-10__s2-10__c-73-104__u-35-66__pp-none/results/c2st__p-p__resnet34__knn__original_binomial_c2st__repeats-100__seed-0__20260821T181033068866Z.json
10,10,p-p,paired_mcnemar,H0_dist: P_A = P_B,107,53,100,7,52,0.49173076923076925,0.5,0.3076923076923077,0.6153846153846154,0.6433282470703126,0.65625,0.0546875,1.0,0,0.0,0.05,newville_nov/hold_skip/hold_skip__s1-10__s2-10__c-73-104__u-35-66__pp-none/results/c2st__p-p__resnet34__knn__paired_mcnemar__repeats-100__seed-0__20260821T181033331887Z.json
10,10,p-p,paired_swap_permutation,,107,53,100,7,52,0.49173076923076925,0.5,0.3076923076923077,0.6153846153846154,0.5920900000000001,0.588,0.024,1.0,3,0.03,0.05,newville_nov/hold_skip/hold_skip__s1-10__s2-10__c-73-104__u-35-66__pp-none/results/c2st__p-p__resnet34__knn__permutation__repeats-100__seed-0__20260817T200515817955Z.json
10,20,s-p,original_binomial_c2st,H0_dist: P_A = P_B,71,71,100,8,72,1.0,1.0,1.0,1.0,2.117582368135751e-22,2.117582368135751e-22,2.117582368135751e-22,2.117582368135751e-22,100,1.0,0.05,newville_nov/hold_skip/hold_skip__s1-10__s2-20__c-73-104__u-35-66__pp-none/results/c2st__s-p__resnet34__knn__original_binomial_c2st__repeats-100__seed-0__20260821T181033537063Z.json
10,20,s-p,paired_mcnemar,H0_dist: P_A = P_B,71,71,100,8,72,1.0,1.0,1.0,1.0,1.4551915228366852e-11,1.4551915228366852e-11,1.4551915228366852e-11,1.4551915228366852e-11,100,1.0,0.05,newville_nov/hold_skip/hold_skip__s1-10__s2-20__c-73-104__u-35-66__pp-none/results/c2st__s-p__resnet34__knn__paired_mcnemar__repeats-100__seed-0__20260821T181033639745Z.json
10,20,s-p,paired_swap_permutation,,71,71,100,8,72,1.0,1.0,1.0,1.0,0.0010000000000000002,0.001,0.001,0.001,100,1.0,0.05,newville_nov/hold_skip/hold_skip__s1-10__s2-20__c-73-104__u-35-66__pp-none/results/c2st__s-p__resnet34__knn__permutation__repeats-100__seed-0__20260817T200956148477Z.json
10,20,s-p-matched,original_binomial_c2st,H0_dist: P_A = P_B,71,35,100,5,36,0.9997222222222223,1.0,0.9722222222222222,1.0,1.979060471057892e-11,1.4551915228366852e-11,1.4551915228366852e-11,5.384208634495735e-10,100,1.0,0.05,newville_nov/hold_skip/hold_skip__s1-10__s2-20__c-73-104__u-35-66__pp-none/results/c2st__s-p-matched__resnet34__knn__original_binomial_c2st__repeats-100__seed-0__20260821T181033562168Z.json
10,20,s-p-matched,paired_mcnemar,H0_dist: P_A = P_B,71,35,100,5,36,0.9988888888888888,1.0,0.9166666666666666,1.0,4.119873046875e-06,3.814697265625e-06,3.814697265625e-06,3.0517578125e-05,100,1.0,0.05,newville_nov/hold_skip/hold_skip__s1-10__s2-20__c-73-104__u-35-66__pp-none/results/c2st__s-p-matched__resnet34__knn__paired_mcnemar__repeats-100__seed-0__20260821T181033855524Z.json
10,20,s-p-matched,paired_swap_permutation,,71,35,100,5,36,0.9988888888888888,1.0,0.9166666666666666,1.0,0.0010000000000000002,0.001,0.001,0.001,100,1.0,0.05,newville_nov/hold_skip/hold_skip__s1-10__s2-20__c-73-104__u-35-66__pp-none/results/c2st__s-p-matched__resnet34__knn__permutation__repeats-100__seed-0__20260817T200722686659Z.json
10,20,s-s,original_binomial_c2st,H0_dist: P_A = P_B,71,35,100,5,36,0.40527777777777774,0.4027777777777778,0.2777777777777778,0.5277777777777778,0.8543823524640175,0.9061292205005884,0.4339697002142202,0.9980334134888835,0,0.0,0.05,newville_nov/hold_skip/hold_skip__s1-10__s2-20__c-73-104__u-35-66__pp-none/results/c2st__s-s__resnet34__knn__original_binomial_c2st__repeats-100__seed-0__20260821T181034031651Z.json
10,20,s-s,paired_mcnemar,H0_dist: P_A = P_B,71,35,100,5,36,0.5033333333333334,0.5,0.3888888888888889,0.6388888888888888,0.6365625,0.75,0.03125,1.0,1,0.01,0.05,newville_nov/hold_skip/hold_skip__s1-10__s2-20__c-73-104__u-35-66__pp-none/results/c2st__s-s__resnet34__knn__paired_mcnemar__repeats-100__seed-0__20260821T181034060172Z.json
10,20,s-s,paired_swap_permutation,,71,35,100,5,36,0.5033333333333334,0.5,0.3888888888888889,0.6388888888888888,0.5611299999999999,0.613,0.002,0.989,5,0.05,0.05,newville_nov/hold_skip/hold_skip__s1-10__s2-20__c-73-104__u-35-66__pp-none/results/c2st__s-s__resnet34__knn__permutation__repeats-100__seed-0__20260817T200729771193Z.json
10,20,p-p,original_binomial_c2st,H0_dist: P_A = P_B,71,35,100,5,36,0.41666666666666663,0.4166666666666667,0.2222222222222222,0.6111111111111112,0.8292550954356557,0.8785075229825452,0.12149247701745483,0.9998437244212255,0,0.0,0.05,newville_nov/hold_skip/hold_skip__s1-10__s2-20__c-73-104__u-35-66__pp-none/results/c2st__p-p__resnet34__knn__original_binomial_c2st__repeats-100__seed-0__20260821T181034149736Z.json
10,20,p-p,paired_mcnemar,H0_dist: P_A = P_B,71,35,100,5,36,0.515,0.5,0.3611111111111111,0.6388888888888888,0.57876953125,0.6298828125,0.03125,1.0,3,0.03,0.05,newville_nov/hold_skip/hold_skip__s1-10__s2-20__c-73-104__u-35-66__pp-none/results/c2st__p-p__resnet34__knn__paired_mcnemar__repeats-100__seed-0__20260821T181034359320Z.json
10,20,p-p,paired_swap_permutation,,71,35,100,5,36,0.515,0.5,0.3611111111111111,0.6388888888888888,0.49944000000000005,0.571,0.018,0.995,8,0.08,0.05,newville_nov/hold_skip/hold_skip__s1-10__s2-20__c-73-104__u-35-66__pp-none/results/c2st__p-p__resnet34__knn__permutation__repeats-100__seed-0__20260817T200739560337Z.json
20,5,s-p,original_binomial_c2st,H0_dist: P_A = P_B,85,85,100,9,84,1.0,1.0,1.0,1.0,5.169878828456423e-26,5.169878828456423e-26,5.169878828456423e-26,5.169878828456423e-26,100,1.0,0.05,newville_nov/hold_skip/hold_skip__s1-20__s2-5__c-73-104__u-35-66__pp-none/results/c2st__s-p__resnet34__knn__original_binomial_c2st__repeats-100__seed-0__20260821T181034898311Z.json
20,5,s-p,paired_mcnemar,H0_dist: P_A = P_B,85,85,100,9,84,1.0,1.0,1.0,1.0,2.2737367544323206e-13,2.2737367544323206e-13,2.2737367544323206e-13,2.2737367544323206e-13,100,1.0,0.05,newville_nov/hold_skip/hold_skip__s1-20__s2-5__c-73-104__u-35-66__pp-none/results/c2st__s-p__resnet34__knn__paired_mcnemar__repeats-100__seed-0__20260821T181034928773Z.json
20,5,s-p,paired_swap_permutation,,85,85,100,9,84,1.0,1.0,1.0,1.0,0.0010000000000000002,0.001,0.001,0.001,100,1.0,0.05,newville_nov/hold_skip/hold_skip__s1-20__s2-5__c-73-104__u-35-66__pp-none/results/c2st__s-p__resnet34__knn__permutation__repeats-100__seed-0__20260817T201553989168Z.json
20,5,s-p-matched,original_binomial_c2st,H0_dist: P_A = P_B,85,42,100,6,42,1.0,1.0,1.0,1.0,2.2737367544323206e-13,2.2737367544323206e-13,2.2737367544323206e-13,2.2737367544323206e-13,100,1.0,0.05,newville_nov/hold_skip/hold_skip__s1-20__s2-5__c-73-104__u-35-66__pp-none/results/c2st__s-p-matched__resnet34__knn__original_binomial_c2st__repeats-100__seed-0__20260821T181034652787Z.json
20,5,s-p-matched,paired_mcnemar,H0_dist: P_A = P_B,85,42,100,6,42,1.0,1.0,1.0,1.0,4.76837158203125e-07,4.76837158203125e-07,4.76837158203125e-07,4.76837158203125e-07,100,1.0,0.05,newville_nov/hold_skip/hold_skip__s1-20__s2-5__c-73-104__u-35-66__pp-none/results/c2st__s-p-matched__resnet34__knn__paired_mcnemar__repeats-100__seed-0__20260821T181034884341Z.json
20,5,s-p-matched,paired_swap_permutation,,85,42,100,6,42,1.0,1.0,1.0,1.0,0.0010000000000000002,0.001,0.001,0.001,100,1.0,0.05,newville_nov/hold_skip/hold_skip__s1-20__s2-5__c-73-104__u-35-66__pp-none/results/c2st__s-p-matched__resnet34__knn__permutation__repeats-100__seed-0__20260817T200914433748Z.json
20,5,s-s,original_binomial_c2st,H0_dist: P_A = P_B,85,42,100,6,42,0.42738095238095236,0.42857142857142855,0.2857142857142857,0.5714285714285714,0.8113379840456855,0.8600218807355304,0.22039953367129783,0.9985563760128571,0,0.0,0.05,newville_nov/hold_skip/hold_skip__s1-20__s2-5__c-73-104__u-35-66__pp-none/results/c2st__s-s__resnet34__knn__original_binomial_c2st__repeats-100__seed-0__20260821T181035160614Z.json
20,5,s-s,paired_mcnemar,H0_dist: P_A = P_B,85,42,100,6,42,0.49690476190476196,0.5,0.40476190476190477,0.6190476190476191,0.715234375,0.79296875,0.03125,1.0,1,0.01,0.05,newville_nov/hold_skip/hold_skip__s1-20__s2-5__c-73-104__u-35-66__pp-none/results/c2st__s-s__resnet34__knn__paired_mcnemar__repeats-100__seed-0__20260821T181035414860Z.json
20,5,s-s,paired_swap_permutation,,85,42,100,6,42,0.49690476190476196,0.5,0.40476190476190477,0.6190476190476191,0.59488,0.6255,0.007,0.994,3,0.03,0.05,newville_nov/hold_skip/hold_skip__s1-20__s2-5__c-73-104__u-35-66__pp-none/results/c2st__s-s__resnet34__knn__permutation__repeats-100__seed-0__20260817T200922292895Z.json
20,5,p-p,original_binomial_c2st,H0_dist: P_A = P_B,85,42,100,6,42,0.4269047619047619,0.42857142857142855,0.2857142857142857,0.5476190476190477,0.8065505658878465,0.8600218807355304,0.32198447818518616,0.9985563760128571,0,0.0,0.05,newville_nov/hold_skip/hold_skip__s1-20__s2-5__c-73-104__u-35-66__pp-none/results/c2st__p-p__resnet34__knn__original_binomial_c2st__repeats-100__seed-0__20260821T181035429482Z.json
20,5,p-p,paired_mcnemar,H0_dist: P_A = P_B,85,42,100,6,42,0.49880952380952387,0.5,0.35714285714285715,0.6904761904761905,0.6405322265625,0.6875,0.0107421875,1.0,1,0.01,0.05,newville_nov/hold_skip/hold_skip__s1-20__s2-5__c-73-104__u-35-66__pp-none/results/c2st__p-p__resnet34__knn__paired_mcnemar__repeats-100__seed-0__20260821T181035485650Z.json
20,5,p-p,paired_swap_permutation,,85,42,100,6,42,0.49880952380952387,0.5,0.35714285714285715,0.6904761904761905,0.56527,0.5845,0.001,1.0,3,0.03,0.05,newville_nov/hold_skip/hold_skip__s1-20__s2-5__c-73-104__u-35-66__pp-none/results/c2st__p-p__resnet34__knn__permutation__repeats-100__seed-0__20260817T201057723013Z.json
20,10,s-p,original_binomial_c2st,H0_dist: P_A = P_B,71,71,100,8,72,1.0,1.0,1.0,1.0,2.117582368135751e-22,2.117582368135751e-22,2.117582368135751e-22,2.117582368135751e-22,100,1.0,0.05,newville_nov/hold_skip/hold_skip__s1-20__s2-10__c-73-104__u-35-66__pp-none/results/c2st__s-p__resnet34__knn__original_binomial_c2st__repeats-100__seed-0__20260821T181035837438Z.json
20,10,s-p,paired_mcnemar,H0_dist: P_A = P_B,71,71,100,8,72,1.0,1.0,1.0,1.0,1.4551915228366852e-11,1.4551915228366852e-11,1.4551915228366852e-11,1.4551915228366852e-11,100,1.0,0.05,newville_nov/hold_skip/hold_skip__s1-20__s2-10__c-73-104__u-35-66__pp-none/results/c2st__s-p__resnet34__knn__paired_mcnemar__repeats-100__seed-0__20260821T181036115657Z.json
20,10,s-p,paired_swap_permutation,,71,71,100,8,72,1.0,1.0,1.0,1.0,0.0010000000000000002,0.001,0.001,0.001,100,1.0,0.05,newville_nov/hold_skip/hold_skip__s1-20__s2-10__c-73-104__u-35-66__pp-none/results/c2st__s-p__resnet34__knn__permutation__repeats-100__seed-0__20260817T201341574672Z.json
20,10,s-p-matched,original_binomial_c2st,H0_dist: P_A = P_B,71,35,100,5,36,1.0,1.0,1.0,1.0,1.4551915228366852e-11,1.4551915228366852e-11,1.4551915228366852e-11,1.4551915228366852e-11,100,1.0,0.05,newville_nov/hold_skip/hold_skip__s1-20__s2-10__c-73-104__u-35-66__pp-none/results/c2st__s-p-matched__resnet34__knn__original_binomial_c2st__repeats-100__seed-0__20260821T181035904638Z.json
20,10,s-p-matched,paired_mcnemar,H0_dist: P_A = P_B,71,35,100,5,36,0.9997222222222223,1.0,0.9722222222222222,1.0,3.85284423828125e-06,3.814697265625e-06,3.814697265625e-06,7.62939453125e-06,100,1.0,0.05,newville_nov/hold_skip/hold_skip__s1-20__s2-10__c-73-104__u-35-66__pp-none/results/c2st__s-p-matched__resnet34__knn__paired_mcnemar__repeats-100__seed-0__20260821T181036005245Z.json
20,10,s-p-matched,paired_swap_permutation,,71,35,100,5,36,0.9997222222222223,1.0,0.9722222222222222,1.0,0.0010000000000000002,0.001,0.001,0.001,100,1.0,0.05,newville_nov/hold_skip/hold_skip__s1-20__s2-10__c-73-104__u-35-66__pp-none/results/c2st__s-p-matched__resnet34__knn__permutation__repeats-100__seed-0__20260817T201117017962Z.json
20,10,s-s,original_binomial_c2st,H0_dist: P_A = P_B,71,35,100,5,36,0.3974999999999999,0.3888888888888889,0.2222222222222222,0.5555555555555556,0.8775695409459877,0.9337509180186316,0.308859658514848,0.9998437244212255,0,0.0,0.05,newville_nov/hold_skip/hold_skip__s1-20__s2-10__c-73-104__u-35-66__pp-none/results/c2st__s-s__resnet34__knn__original_binomial_c2st__repeats-100__seed-0__20260821T181036327060Z.json
20,10,s-s,paired_mcnemar,H0_dist: P_A = P_B,71,35,100,5,36,0.4994444444444445,0.5,0.3611111111111111,0.6388888888888888,0.6379296875,0.6875,0.03125,1.0,1,0.01,0.05,newville_nov/hold_skip/hold_skip__s1-20__s2-10__c-73-104__u-35-66__pp-none/results/c2st__s-s__resnet34__knn__paired_mcnemar__repeats-100__seed-0__20260821T181036410369Z.json
20,10,s-s,paired_swap_permutation,,71,35,100,5,36,0.4994444444444445,0.5,0.3611111111111111,0.6388888888888888,0.56428,0.596,0.005,0.996,2,0.02,0.05,newville_nov/hold_skip/hold_skip__s1-20__s2-10__c-73-104__u-35-66__pp-none/results/c2st__s-s__resnet34__knn__permutation__repeats-100__seed-0__20260817T201216869122Z.json
20,10,p-p,original_binomial_c2st,H0_dist: P_A = P_B,71,35,100,5,36,0.41527777777777786,0.4166666666666667,0.25,0.6388888888888888,0.8136600443578209,0.8785075229825452,0.06624908198136838,0.9994033785187639,0,0.0,0.05,newville_nov/hold_skip/hold_skip__s1-20__s2-10__c-73-104__u-35-66__pp-none/results/c2st__p-p__resnet34__knn__original_binomial_c2st__repeats-100__seed-0__20260821T181036491494Z.json
20,10,p-p,paired_mcnemar,H0_dist: P_A = P_B,71,35,100,5,36,0.5030555555555556,0.5,0.3611111111111111,0.6666666666666666,0.6136572265625,0.65625,0.0546875,1.0,0,0.0,0.05,newville_nov/hold_skip/hold_skip__s1-20__s2-10__c-73-104__u-35-66__pp-none/results/c2st__p-p__resnet34__knn__paired_mcnemar__repeats-100__seed-0__20260821T181036634861Z.json
20,10,p-p,paired_swap_permutation,,71,35,100,5,36,0.5030555555555556,0.5,0.3611111111111111,0.6666666666666666,0.55272,0.581,0.029,0.981,3,0.03,0.05,newville_nov/hold_skip/hold_skip__s1-20__s2-10__c-73-104__u-35-66__pp-none/results/c2st__p-p__resnet34__knn__permutation__repeats-100__seed-0__20260817T201234897473Z.json
20,20,s-p,original_binomial_c2st,H0_dist: P_A = P_B,53,53,100,7,52,1.0,1.0,1.0,1.0,2.220446049250313e-16,2.220446049250313e-16,2.220446049250313e-16,2.220446049250313e-16,100,1.0,0.05,newville_nov/hold_skip/hold_skip__s1-20__s2-20__c-73-104__u-35-66__pp-none/results/c2st__s-p__resnet34__knn__original_binomial_c2st__repeats-100__seed-0__20260821T181036887078Z.json
20,20,s-p,paired_mcnemar,H0_dist: P_A = P_B,53,53,100,7,52,1.0,1.0,1.0,1.0,1.4901161193847656e-08,1.4901161193847656e-08,1.4901161193847656e-08,1.4901161193847656e-08,100,1.0,0.05,newville_nov/hold_skip/hold_skip__s1-20__s2-20__c-73-104__u-35-66__pp-none/results/c2st__s-p__resnet34__knn__paired_mcnemar__repeats-100__seed-0__20260821T181036997338Z.json
20,20,s-p,paired_swap_permutation,,53,53,100,7,52,1.0,1.0,1.0,1.0,0.0010000000000000002,0.001,0.001,0.001,100,1.0,0.05,newville_nov/hold_skip/hold_skip__s1-20__s2-20__c-73-104__u-35-66__pp-none/results/c2st__s-p__resnet34__knn__permutation__repeats-100__seed-0__20260817T201503110298Z.json
20,20,s-p-matched,original_binomial_c2st,H0_dist: P_A = P_B,53,26,100,5,26,1.0,1.0,1.0,1.0,1.4901161193847656e-08,1.4901161193847656e-08,1.4901161193847656e-08,1.4901161193847656e-08,100,1.0,0.05,newville_nov/hold_skip/hold_skip__s1-20__s2-20__c-73-104__u-35-66__pp-none/results/c2st__s-p-matched__resnet34__knn__original_binomial_c2st__repeats-100__seed-0__20260821T181036948310Z.json
20,20,s-p-matched,paired_mcnemar,H0_dist: P_A = P_B,53,26,100,5,26,1.0,1.0,1.0,1.0,0.0001220703125,0.0001220703125,0.0001220703125,0.0001220703125,100,1.0,0.05,newville_nov/hold_skip/hold_skip__s1-20__s2-20__c-73-104__u-35-66__pp-none/results/c2st__s-p-matched__resnet34__knn__paired_mcnemar__repeats-100__seed-0__20260821T181037110371Z.json
20,20,s-p-matched,paired_swap_permutation,,53,26,100,5,26,1.0,1.0,1.0,1.0,0.0010000000000000002,0.001,0.001,0.001,100,1.0,0.05,newville_nov/hold_skip/hold_skip__s1-20__s2-20__c-73-104__u-35-66__pp-none/results/c2st__s-p-matched__resnet34__knn__permutation__repeats-100__seed-0__20260817T201326481673Z.json
20,20,s-s,original_binomial_c2st,H0_dist: P_A = P_B,53,26,100,5,26,0.38846153846153847,0.38461538461538464,0.23076923076923078,0.5769230769230769,0.8617797076702118,0.9156812280416489,0.2785985469818115,0.9987530410289764,0,0.0,0.05,newville_nov/hold_skip/hold_skip__s1-20__s2-20__c-73-104__u-35-66__pp-none/results/c2st__s-s__resnet34__knn__original_binomial_c2st__repeats-100__seed-0__20260821T181037344990Z.json
20,20,s-s,paired_mcnemar,H0_dist: P_A = P_B,53,26,100,5,26,0.5042307692307693,0.5,0.38461538461538464,0.6923076923076923,0.6691796875,0.6875,0.03125,1.0,1,0.01,0.05,newville_nov/hold_skip/hold_skip__s1-20__s2-20__c-73-104__u-35-66__pp-none/results/c2st__s-s__resnet34__knn__paired_mcnemar__repeats-100__seed-0__20260821T181037409927Z.json
20,20,s-s,paired_swap_permutation,,53,26,100,5,26,0.5042307692307693,0.5,0.38461538461538464,0.6923076923076923,0.5675999999999999,0.6114999999999999,0.003,0.987,2,0.02,0.05,newville_nov/hold_skip/hold_skip__s1-20__s2-20__c-73-104__u-35-66__pp-none/results/c2st__s-s__resnet34__knn__permutation__repeats-100__seed-0__20260817T201419772462Z.json
20,20,p-p,original_binomial_c2st,H0_dist: P_A = P_B,53,26,100,5,26,0.4103846153846154,0.4230769230769231,0.23076923076923078,0.6923076923076923,0.8068853422999382,0.8365302085876465,0.03775934875011444,0.9987530410289764,1,0.01,0.05,newville_nov/hold_skip/hold_skip__s1-20__s2-20__c-73-104__u-35-66__pp-none/results/c2st__p-p__resnet34__knn__original_binomial_c2st__repeats-100__seed-0__20260821T181037464016Z.json
20,20,p-p,paired_mcnemar,H0_dist: P_A = P_B,53,26,100,5,26,0.5019230769230769,0.5,0.3076923076923077,0.6538461538461539,0.6432421875,0.65625,0.0625,1.0,0,0.0,0.05,newville_nov/hold_skip/hold_skip__s1-20__s2-20__c-73-104__u-35-66__pp-none/results/c2st__p-p__resnet34__knn__paired_mcnemar__repeats-100__seed-0__20260821T181037581340Z.json
20,20,p-p,paired_swap_permutation,,53,26,100,5,26,0.5019230769230769,0.5,0.3076923076923077,0.6538461538461539,0.5657800000000001,0.5914999999999999,0.047,0.997,2,0.02,0.05,newville_nov/hold_skip/hold_skip__s1-20__s2-20__c-73-104__u-35-66__pp-none/results/c2st__p-p__resnet34__knn__permutation__repeats-100__seed-0__20260817T201434113709Z.json
