regime,regime_label,n_pairs,method,target_null,reference_valid_in_regime,interpretation,trial_count,rejection_count,rejection_rate,monte_carlo_standard_error,wilson_95_ci_low,wilson_95_ci_high,accuracy_mean,p_value_median
cyclic_nonexchangeable,"D. Equal marginals, nonexchangeable i.i.d. pairs",40,original_binomial_c2st,H0_dist: P_A = P_B,False,null_behavior_outside_method_assumptions,1000,0,0.0,0.0,2.168404344971009e-19,0.0038267584855551234,0.5,0.5626853438097896
cyclic_nonexchangeable,"D. Equal marginals, nonexchangeable i.i.d. pairs",40,pair_preserving_binomial,H0_dist: P_A = P_B,False,null_behavior_outside_method_assumptions,1000,0,0.0,0.0,2.168404344971009e-19,0.0038267584855551234,0.5,0.5626853438097896
cyclic_nonexchangeable,"D. Equal marginals, nonexchangeable i.i.d. pairs",40,paired_mcnemar,H0_dist: P_A = P_B,True,type_i_calibration,1000,0,0.0,0.0,2.168404344971009e-19,0.0038267584855551234,0.5,1.0
cyclic_nonexchangeable,"D. Equal marginals, nonexchangeable i.i.d. pairs",40,paired_swap_permutation,H0_swap: tau_epsilon Z =_d Z for every permitted within-pair swap vector,False,sensitivity_to_swap_null_violation_under_H0_dist,1000,0,0.0,0.0,2.168404344971009e-19,0.0038267584855551234,0.5,0.665
cyclic_nonexchangeable,"D. Equal marginals, nonexchangeable i.i.d. pairs",80,original_binomial_c2st,H0_dist: P_A = P_B,False,null_behavior_outside_method_assumptions,1000,0,0.0,0.0,2.168404344971009e-19,0.0038267584855551234,0.5,0.5444639393869535
cyclic_nonexchangeable,"D. Equal marginals, nonexchangeable i.i.d. pairs",80,pair_preserving_binomial,H0_dist: P_A = P_B,False,null_behavior_outside_method_assumptions,1000,0,0.0,0.0,2.168404344971009e-19,0.0038267584855551234,0.5,0.5444639393869535
cyclic_nonexchangeable,"D. Equal marginals, nonexchangeable i.i.d. pairs",80,paired_mcnemar,H0_dist: P_A = P_B,True,type_i_calibration,1000,0,0.0,0.0,2.168404344971009e-19,0.0038267584855551234,0.5,1.0
cyclic_nonexchangeable,"D. Equal marginals, nonexchangeable i.i.d. pairs",80,paired_swap_permutation,H0_swap: tau_epsilon Z =_d Z for every permitted within-pair swap vector,False,sensitivity_to_swap_null_violation_under_H0_dist,1000,0,0.0,0.0,2.168404344971009e-19,0.0038267584855551234,0.5,0.655
exact_copy,C. Exact-copy pairs,40,original_binomial_c2st,H0_dist: P_A = P_B,False,null_behavior_outside_method_assumptions,1000,0,0.0,0.0,2.168404344971009e-19,0.0038267584855551234,0.24830000000000002,0.9996602258725034
exact_copy,C. Exact-copy pairs,40,pair_preserving_binomial,H0_dist: P_A = P_B,False,null_behavior_outside_method_assumptions,1000,0,0.0,0.0,2.168404344971009e-19,0.0038267584855551234,0.5,0.5626853438097896
exact_copy,C. Exact-copy pairs,40,paired_mcnemar,H0_dist: P_A = P_B,True,type_i_calibration,1000,0,0.0,0.0,2.168404344971009e-19,0.0038267584855551234,0.5,1.0
exact_copy,C. Exact-copy pairs,40,paired_swap_permutation,H0_swap: tau_epsilon Z =_d Z for every permitted within-pair swap vector,True,type_i_calibration,1000,0,0.0,0.0,2.168404344971009e-19,0.0038267584855551234,0.5,1.0
exact_copy,C. Exact-copy pairs,80,original_binomial_c2st,H0_dist: P_A = P_B,False,null_behavior_outside_method_assumptions,1000,0,0.0,0.0,2.168404344971009e-19,0.0038267584855551234,0.2499375,0.9999986340650385
exact_copy,C. Exact-copy pairs,80,pair_preserving_binomial,H0_dist: P_A = P_B,False,null_behavior_outside_method_assumptions,1000,0,0.0,0.0,2.168404344971009e-19,0.0038267584855551234,0.5,0.5444639393869535
exact_copy,C. Exact-copy pairs,80,paired_mcnemar,H0_dist: P_A = P_B,True,type_i_calibration,1000,0,0.0,0.0,2.168404344971009e-19,0.0038267584855551234,0.5,1.0
exact_copy,C. Exact-copy pairs,80,paired_swap_permutation,H0_swap: tau_epsilon Z =_d Z for every permitted within-pair swap vector,True,type_i_calibration,1000,0,0.0,0.0,2.168404344971009e-19,0.0038267584855551234,0.5,1.0
iid_null,A. Independent i.i.d. null,40,original_binomial_c2st,H0_dist: P_A = P_B,True,type_i_calibration,1000,38,0.038,0.006046155803483731,0.02780900450930263,0.05172692033135032,0.503625,0.5626853438097896
iid_null,A. Independent i.i.d. null,40,pair_preserving_binomial,H0_dist: P_A = P_B,True,type_i_calibration,1000,46,0.046,0.006624499981130651,0.03466249276326498,0.06081220394161907,0.501875,0.5626853438097896
iid_null,A. Independent i.i.d. null,40,paired_mcnemar,H0_dist: P_A = P_B,True,type_i_calibration,1000,27,0.027,0.00512552436341883,0.018621382774294995,0.03899873075304015,0.501875,0.623046875
iid_null,A. Independent i.i.d. null,40,paired_swap_permutation,H0_swap: tau_epsilon Z =_d Z for every permitted within-pair swap vector,True,type_i_calibration,1000,39,0.039,0.006122009474020765,0.028658960904180485,0.052869310419501346,0.501875,0.555
iid_null,A. Independent i.i.d. null,80,original_binomial_c2st,H0_dist: P_A = P_B,True,type_i_calibration,1000,44,0.044,0.006485676526007136,0.0329382145884185,0.058551789150407776,0.5007874999999999,0.5444639393869535
iid_null,A. Independent i.i.d. null,80,pair_preserving_binomial,H0_dist: P_A = P_B,True,type_i_calibration,1000,35,0.035,0.005811626278418116,0.02527226301711295,0.04828662237445333,0.4956875,0.5444639393869535
iid_null,A. Independent i.i.d. null,80,paired_mcnemar,H0_dist: P_A = P_B,True,type_i_calibration,1000,22,0.022,0.0046385342512479085,0.014572707764791058,0.03308567334739963,0.4956875,0.5927352905273438
iid_null,A. Independent i.i.d. null,80,paired_swap_permutation,H0_swap: tau_epsilon Z =_d Z for every permitted within-pair swap vector,True,type_i_calibration,1000,27,0.027,0.00512552436341883,0.018621382774294995,0.03899873075304015,0.4956875,0.575
mean_shift,F. Mean-shift alternative,40,original_binomial_c2st,H0_dist: P_A = P_B,,power,1000,118,0.118,0.01020176455325254,0.09945155840122327,0.13947208508174083,0.5396749999999999,0.3179140013144206
mean_shift,F. Mean-shift alternative,40,pair_preserving_binomial,H0_dist: P_A = P_B,,power,1000,137,0.137,0.010873407929439602,0.11707313063299474,0.1597050960275183,0.544125,0.3179140013144206
mean_shift,F. Mean-shift alternative,40,paired_mcnemar,H0_dist: P_A = P_B,,power,1000,84,0.084,0.008771772910877254,0.0683588136777643,0.10282504938221758,0.544125,0.38720703125
mean_shift,F. Mean-shift alternative,40,paired_swap_permutation,H0_swap: tau_epsilon Z =_d Z for every permitted within-pair swap vector,,power,1000,130,0.13,0.010634848376916336,0.11056377462484193,0.1522680266544689,0.544125,0.3425
mean_shift,F. Mean-shift alternative,80,original_binomial_c2st,H0_dist: P_A = P_B,,power,1000,200,0.2,0.01264911064067352,0.17637709044319852,0.22591896464813463,0.5453625,0.21702112767273937
mean_shift,F. Mean-shift alternative,80,pair_preserving_binomial,H0_dist: P_A = P_B,,power,1000,192,0.192,0.012455360291858283,0.16878484731114135,0.21757243591596065,0.545225,0.21702112767273937
mean_shift,F. Mean-shift alternative,80,paired_mcnemar,H0_dist: P_A = P_B,,power,1000,150,0.15,0.011291589790636216,0.1292100725130883,0.17346865842680032,0.545225,0.2617335319519043
mean_shift,F. Mean-shift alternative,80,paired_swap_permutation,H0_swap: tau_epsilon Z =_d Z for every permitted within-pair swap vector,,power,1000,172,0.172,0.011933817494833746,0.14987640210972414,0.19663395145680002,0.545225,0.235
negative_exchangeable,B. I.i.d. exchangeable pairs with strong negative dependence,40,original_binomial_c2st,H0_dist: P_A = P_B,False,null_behavior_outside_method_assumptions,1000,2,0.002,0.0014127986409959489,0.000548643588120728,0.007262807863492177,0.35597500000000004,0.9807613458578999
negative_exchangeable,B. I.i.d. exchangeable pairs with strong negative dependence,40,pair_preserving_binomial,H0_dist: P_A = P_B,False,null_behavior_outside_method_assumptions,1000,131,0.131,0.010669536072388528,0.11149250620200898,0.15333164156033072,0.49785,0.5626853438097896
negative_exchangeable,B. I.i.d. exchangeable pairs with strong negative dependence,40,paired_mcnemar,H0_dist: P_A = P_B,True,type_i_calibration,1000,20,0.02,0.004427188724235731,0.012983682916415136,0.030690005229717786,0.49785,0.5880985260009766
negative_exchangeable,B. I.i.d. exchangeable pairs with strong negative dependence,40,paired_swap_permutation,H0_swap: tau_epsilon Z =_d Z for every permitted within-pair swap vector,True,type_i_calibration,1000,31,0.031,0.0054807846153630225,0.02192400344715857,0.04366549601229214,0.49785,0.595
negative_exchangeable,B. I.i.d. exchangeable pairs with strong negative dependence,80,original_binomial_c2st,H0_dist: P_A = P_B,False,null_behavior_outside_method_assumptions,1000,0,0.0,0.0,2.168404344971009e-19,0.0038267584855551234,0.4024125,0.9716677868274395
negative_exchangeable,B. I.i.d. exchangeable pairs with strong negative dependence,80,pair_preserving_binomial,H0_dist: P_A = P_B,False,null_behavior_outside_method_assumptions,1000,138,0.138,0.01090669519148674,0.11800457326997434,0.16076599987356766,0.49792500000000006,0.5444639393869535
negative_exchangeable,B. I.i.d. exchangeable pairs with strong negative dependence,80,paired_mcnemar,H0_dist: P_A = P_B,True,type_i_calibration,1000,41,0.041,0.006270486424512854,0.030364971082098315,0.0551479932076413,0.49792500000000006,0.5626853438097896
negative_exchangeable,B. I.i.d. exchangeable pairs with strong negative dependence,80,paired_swap_permutation,H0_swap: tau_epsilon Z =_d Z for every permitted within-pair swap vector,True,type_i_calibration,1000,39,0.039,0.006122009474020765,0.028658960904180485,0.052869310419501346,0.49792500000000006,0.58
serial_common_state,E. Across-pair dependence,40,original_binomial_c2st,H0_dist: P_A = P_B,False,null_behavior_outside_method_assumptions,1000,989,0.989,0.0032983329122452166,0.9804106042992137,0.9938468259019134,0.8018,9.108291487791575e-05
serial_common_state,E. Across-pair dependence,40,pair_preserving_binomial,H0_dist: P_A = P_B,False,null_behavior_outside_method_assumptions,1000,993,0.993,0.002636474919281427,0.9856216845342334,0.9966051315990092,0.8002999999999999,9.108291487791575e-05
serial_common_state,E. Across-pair dependence,40,paired_mcnemar,H0_dist: P_A = P_B,False,null_behavior_outside_method_assumptions,1000,981,0.981,0.004317290817167639,0.9705155440876868,0.9878031142492091,0.8002999999999999,0.00048828125
serial_common_state,E. Across-pair dependence,40,paired_swap_permutation,H0_swap: tau_epsilon Z =_d Z for every permitted within-pair swap vector,False,sensitivity_to_swap_null_violation_under_H0_dist,1000,989,0.989,0.0032983329122452166,0.9804106042992137,0.9938468259019134,0.8002999999999999,0.005
serial_common_state,E. Across-pair dependence,80,original_binomial_c2st,H0_dist: P_A = P_B,False,null_behavior_outside_method_assumptions,1000,1000,1.0,0.0,0.996173241514445,1.0,0.8318499999999999,3.207570587475561e-10
serial_common_state,E. Across-pair dependence,80,pair_preserving_binomial,H0_dist: P_A = P_B,False,null_behavior_outside_method_assumptions,1000,1000,1.0,0.0,0.996173241514445,1.0,0.8296125,1.5682713450733752e-09
serial_common_state,E. Across-pair dependence,80,paired_mcnemar,H0_dist: P_A = P_B,False,null_behavior_outside_method_assumptions,1000,1000,1.0,0.0,0.996173241514445,1.0,0.8296125,6.542541086673737e-08
serial_common_state,E. Across-pair dependence,80,paired_swap_permutation,H0_swap: tau_epsilon Z =_d Z for every permitted within-pair swap vector,False,sensitivity_to_swap_null_violation_under_H0_dist,1000,1000,1.0,0.0,0.996173241514445,1.0,0.8296125,0.005
